{
    "Ra": 238.69662046090258,
    "Rm": 28042.729784906343,
    "e_pas": -89.05472653001755,
    "f_axon": 1.6466145912761139,
    "g_hcnfast": 0.0002251776546774265,
    "g_hcnfast_soma": 9.8e-05,
    "g_hcnslow": 0.00010319205894859145,
    "g_hcnslow_soma": 5.3e-05,
    "g_k_vshift": 3.4639244900696946,
    "g_kap": 0.06700888780341267,
    "g_kap_soma": 0.36062071845128957,
    "g_kdr": 0.0014580071209146141,
    "g_kdr_soma": 9.540387885839872e-05,
    "g_km": 5.441354658854218,
    "g_km_soma": 4.798926220827928,
    "g_na": 0.05299871563285968,
    "g_na_end": 0.0044638925890644445,
    "g_na_vshift": 16.978199864812936,
    "scale_spines": 1.0137333225853151
}