{
    "soma": {
        "mechanisms": {
            "nap": {
                "gbar": 7.5010853972398738e-05
            }, 
            "passive": {
                "gbar": 0.0018256600721171651
            }, 
            "naf": {
                "gbar": 0.076106129592733371
            }, 
            "ka": {
                "gbar": 0.84365181200590267
            }
        }, 
        "geom": {
            "diam": 16.069, 
            "L": 8.034
        }, 
        "Ra": 100.0, 
        "cm": 1.0, 
        "nseg": 1
    }, 
    "ion": {
        "k_ion": {
            "ek": -80
        }, 
        "na_ion": {
            "ena": 85
        }, 
        "pas": {
            "e_pas": -70
        }
    }, 
    "celsius": 35
}