{
    "soma": {
        "mechanisms": {
            "ih": {
                "gfastbar": 0.0001, 
                "ehcn": -10.0, 
                "gslowbar": 6.627827436978559e-05
            }, 
            "pas": {}, 
            "kleak": {
                "ekleak": -103.28420009785174, 
                "gbar": 4.857335076243858e-05
            }
        }, 
        "geom": {
            "diam": 79.35155158879215, 
            "L": 88.8092500613763
        }, 
        "Ra": 100, 
        "cm": 1.5693052008324422
    }, 
    "ion": {
        "pas": {
            "e_pas": -99.96498062174639, 
            "g_pas": 4.9999999999999996e-06
        },
	"k_ion": {
	    "ek": -103.28420009785174
	}
    }, 
    "celsius": 36
}
