{
    "soma": {
        "cm": 1.0, 
        "parent": null, 
        "nseg": 1, 
        "connection_point": null, 
        "mechanisms": {
            "na8st": {
                "0.5": {
                    "a2_0_na8st": 74.8875, 
                    "b1_0_na8st": 0.0091322, 
                    "c3_na8st": 0.0, 
                    "c2_na8st": 0.0, 
                    "a1_0_na8st": 51.4295, 
                    "g_na8st": 0.0, 
                    "i2_na8st": 0.0, 
                    "ina_na8st": 0.0, 
                    "b2_0_na8st": 0.00638705, 
                    "bh_1_na8st": 0.12106, 
                    "a2_1_na8st": 0.0201461, 
                    "i1_na8st": 0.0, 
                    "a3_0_na8st": 38.3887, 
                    "ah_2_na8st": 0.0405908, 
                    "ah_1_na8st": 4445.91, 
                    "vShift_inact_local_na8st": 0.0, 
                    "b3_0_na8st": 0.398922, 
                    "c1_na8st": 0.0, 
                    "b2_1_na8st": 0.150181, 
                    "bh_0_na8st": 1.68752, 
                    "ah_0_na8st": 3.8001, 
                    "o_na8st": 0.0, 
                    "b1_1_na8st": 0.0934282, 
                    "gbar_na8st": 0.04, 
                    "b3_1_na8st": 0.0900148, 
                    "a3_1_na8st": 0.0125303, 
                    "bh_2_na8st": 0.0682786, 
                    "i4_na8st": 0.0, 
                    "a1_1_na8st": 0.00767464, 
                    "i3_na8st": 0.0
                }
            }, 
            "na_ion": {
                "0.5": {
                    "ena": 60.0, 
                    "nai": 10.0, 
                    "nao": 140.0, 
                    "dina_dv_": 0.0, 
                    "ina": 0.0
                }
            }
        }, 
        "geom": {
            "diam": 16.0, 
            "L": 8.0
        }, 
        "Ra": 100.0
    }
}