{
    "soma": {
        "cm": 0.7, 
        "parent": null, 
        "nseg": 1, 
        "connection_point": null, 
        "mechanisms": {
            "pas": {
                "0.5": {
                    "e_pas": -86.89985408277299, 
                    "g_pas": 0.004745071234526818
                }
            }, 
            "k_ion": {
                "0.5": {
                    "ek": -110.0
                }
            }, 
            "na_ion": {
                "0.5": {
                    "ena": 60.0
                }
            }, 
            "nap": {
                "0.5": {
                    "m_vh_nap": -32.97987442959004,
                    "h_tau_min_nap": 0.18123284849227436, 
                    "h_tau_max_nap": 9.929700294738366,
                    "m_vs_nap": 18.000931747287538, 
                    "m_tau_min_nap": 4.41256061793539e-09,
                    "m_tau_delta_nap": 0.09515843808227707, 
                    "h_vh_nap": -71.61805465320604, 
                    "m_tau_max_nap": 0.2525708766618479, 
                    "h_vs_nap": -13.003262669005924, 
                    "h_tau_delta_nap": 0.1291528074017934, 
                    "gbar_nap": 0.4248055417341801
                }
            }, 
            "nat": {
                "0.5": {
                    "h_tau_min_nat": 0.5466450166365174, 
                    "m_vh_nat": -55.08107069528994,
                    "m_vs_nat": 16.665154440459197, 
                    "m_tau_min_nat": 0.06704650777216316, 
                    "h_tau_max_nat": 19.586813431713054, 
                    "h_vh_nat": -81.24412433651342,
                    "m_tau_delta_nat": 0.41694231829717904, 
                    "gbar_nat": 0.09463230102323134, 
                    "m_tau_max_nat": 18.38745909613171, 
                    "h_vs_nat": -23.46075545800751, 
                    "h_tau_delta_nat": 0.7050769605879975
                }
            }, 
            "kdr": {
                "0.5": {
                    "n_vs_kdr": 18.934692565790336, 
                    "n_tau_delta_kdr": 0.531166737264932, 
                    "gbar_kdr": 0.04466403212063102, 
                    "n_tau_min_kdr": 0.6261330287355487, 
                    "n_tau_max_kdr": 20.558111703835657,
                    "n_vh_kdr": -66.39717612686509
                }
            }
        }, 
        "geom": {
            "diam": 50.0, 
            "L": 100.0
        }, 
        "Ra": 100.0
    }
}