{
    "soma": {
        "cm": 0.6274076587410794, 
        "parent": null, 
        "nseg": 1, 
        "connection_point": null, 
        "mechanisms": {
            "pas": {
                "0.5": {
                    "i_pas": 0.005053933990859845, 
                    "e_pas": -86.5313983427579, 
                    "g_pas": 0.00043011661158941217
                }
            }, 
            "k_ion": {
                "0.5": {
                    "ki": 54.4, 
                    "dik_dv_": 9.119456368614914e-05, 
                    "ko": 2.5, 
                    "ik": 0.003211758539817219, 
                    "ek": -110.0
                }
            }, 
            "na_ion": {
                "0.5": {
                    "ena": 60.0, 
                    "nai": 10.0, 
                    "nao": 140.0, 
                    "dina_dv_": 5.310409390845458e-05, 
                    "ina": -0.007157436157360488
                }
            }, 
            "nap": {
                "0.5": {
                    "m_vh_nap": -30.93933, 
                    "h_nap": 0.7484929765254474, 
                    "h_tau_min_nap": 0.0009197822972599598, 
                    "h_tau_max_nap": 8.743416127652708, 
                    "m_nap": 0.02509127364736281, 
                    "m_vs_nap": 11.986102515872549, 
                    "m_tau_min_nap": 3.182106512718831e-09, 
                    "ina_nap": -0.00022682261786434463, 
                    "m_tau_delta_nap": 0.18707056763963142, 
                    "h_vh_nap": -60.441990000000004, 
                    "m_tau_max_nap": 0.19325215081579858, 
                    "h_vs_nap": -13.174636462023908, 
                    "h_tau_delta_nap": 0.43980342838433983, 
                    "gbar_nap": 0.14194154719616256
                }
            }, 
            "nat": {
                "0.5": {
                    "h_nat": 0.40080056133299385, 
                    "h_tau_min_nat": 0.33586292929877387, 
                    "m_vh_nat": -52.81768, 
                    "m_nat": 0.20328443921663125, 
                    "m_vs_nat": 16.107894681186533, 
                    "m_tau_min_nat": 0.03562245174657365, 
                    "h_tau_max_nat": 13.658651289472846, 
                    "h_vh_nat": -82.54144000000001, 
                    "ina_nat": -0.0069306135394961435, 
                    "m_tau_delta_nat": 0.5054770077407996, 
                    "gbar_nat": 0.015272212782610685, 
                    "m_tau_max_nat": 15.331610852092709, 
                    "h_vs_nat": -19.1938931028462, 
                    "h_tau_delta_nat": 0.43917998745149617
                }
            }, 
            "hcn_slow": {
                "0.5": {
                    "n_vs_hcn_slow": -20.535609569086315, 
                    "gbar_hcn_slow": 5.32239021249811e-05, 
                    "i_hcn_slow": -0.0011025653011164846, 
                    "n_vh_hcn_slow": -77.90055000000001, 
                    "n_tau_min_hcn_slow": 2.2061566861864166, 
                    "n_tau_delta_hcn_slow": 0.2103200878805325, 
                    "ehcn_hcn_slow": -29.45668218051947, 
                    "n_tau_max_hcn_slow": 137.79911277682174, 
                    "n_hcn_slow": 0.4570510463518372
                }
            }, 
            "kdr": {
                "0.5": {
                    "n_vs_kdr": 18.844244474123823, 
                    "n_tau_delta_kdr": 0.7460240072025746, 
                    "gbar_kdr": 0.003125397158695932, 
                    "n_tau_min_kdr": 0.28578439958470686, 
                    "n_tau_max_kdr": 21.285696735917185, 
                    "ik_kdr": 0.003211758539817219, 
                    "n_vh_kdr": -68.28729, 
                    "n_kdr": 0.41330135712854
                }
            }
        }, 
        "geom": {
            "diam": 50.0, 
            "L": 100.0
        }, 
        "Ra": 100.0
    }
}