{
    "soma": {
        "cm": 1.0824991015286172, 
        "parent": null, 
        "nseg": 1, 
        "connection_point": null, 
        "mechanisms": {
            "pas": {
                "0.5": {
                    "i_pas": 0.037990424434002766, 
                    "e_pas": -70.0, 
                    "g_pas": 0.0032
                }
            }, 
            "nat": {
                "0.5": {
                    "h_nat": 0.40871337280492936, 
                    "h_tau_min_nat": 0.5823588984705887, 
                    "m_vh_nat": -39.66898186035677, 
                    "m_nat": 0.23840706043782672, 
                    "m_vs_nat": 15.893071223524874, 
                    "m_tau_min_nat": 0.002534767020441657, 
                    "h_tau_max_nat": 18.714257656339242, 
                    "h_vh_nat": -66.76189017503435, 
                    "ina_nat": -0.024824656137819593, 
                    "m_tau_delta_nat": 0.9765116492190635, 
                    "gbar_nat": 0.03794496543316464, 
                    "m_tau_max_nat": 13.836433032202434, 
                    "h_vs_nat": -23.380508090689386, 
                    "h_tau_delta_nat": 0.0
                }
            }, 
            "k_ion": {
                "0.5": {
                    "ki": 54.4, 
                    "dik_dv_": 0.0002929404583121945, 
                    "ko": 2.5, 
                    "ik": 0.015195409690353906, 
                    "ek": -110.0
                }
            }, 
            "na_ion": {
                "0.5": {
                    "ena": 60.0, 
                    "nai": 10.0, 
                    "nao": 140.0, 
                    "dina_dv_": 0.0004175244263001268, 
                    "ina": -0.04932132224192111
                }
            }, 
            "nap": {
                "0.5": {
                    "m_vh_nap": -18.857706703167118, 
                    "h_nap": 0.5342393165047603, 
                    "h_tau_min_nap": 0.29605897064107867, 
                    "h_tau_max_nap": 10.339791526983493, 
                    "m_nap": 0.11233783871378714, 
                    "m_vs_nap": 18.99794609376518, 
                    "m_tau_min_nap": 0.18987971300913245, 
                    "ina_nap": -0.02449666610410152, 
                    "m_tau_delta_nap": 0.1798720179437574, 
                    "h_vh_nap": -56.538776755392085, 
                    "m_tau_max_nap": 0.0024014216858349595, 
                    "h_vs_nap": -11.584529762990252, 
                    "h_tau_delta_nap": 0.3560282822067156, 
                    "gbar_nap": 0.27380417400169577
                }
            }, 
            "ih_slow": {
                "0.5": {
                    "gbar_ih_slow": 0.0001, 
                    "i_ih_slow": -0.0006562089752321506, 
                    "ms_ih_slow": 0.1721064803020861
                }
            }, 
            "kdr": {
                "0.5": {
                    "n_vs_kdr": 18.194724810186223, 
                    "n_tau_delta_kdr": 1.4073503250588753, 
                    "gbar_kdr": 0.016382668540864023, 
                    "n_tau_min_kdr": 0.43840922196592086, 
                    "n_tau_max_kdr": 19.598200713376084, 
                    "ik_kdr": 0.015195409690353906, 
                    "n_vh_kdr": -48.105825609143686, 
                    "n_kdr": 0.36567785166378
                }
            }, 
            "ih_fast": {
                "0.5": {
                    "gbar_ih_fast": 0.001, 
                    "i_ih_fast": -0.0032082691533168776, 
                    "mf_ih_fast": 0.08414473100967473
                }
            }
        }, 
        "geom": {
            "diam": 50.0, 
            "L": 100.0
        }, 
        "Ra": 100.0
    }
}